{"cameraMode":{"drawMode":0,"name":"Shaded","section":"Shading Mode"},"sceneLighting":true,"audioPlay":false,"sceneViewState":{"showFog":true,"showMaterialUpdate":false,"showSkybox":false,"showFlares":true,"showImageEffects":true,"showParticleSystems":true},"in2DMode":false,"pivot":{"x":1.9149930477142335,"y":3.736591100692749,"z":1.490940809249878},"rotation":{"x":0.060672029852867129,"y":0.8068450093269348,"z":-0.0840279757976532,"w":0.5818790197372437},"size":7.520619869232178,"orthographic":false}