{"cameraMode":{"drawMode":0,"name":"Shaded","section":"Shading Mode"},"sceneLighting":true,"audioPlay":false,"sceneViewState":{"showFog":true,"showMaterialUpdate":false,"showSkybox":false,"showFlares":true,"showImageEffects":true,"showParticleSystems":true},"in2DMode":false,"pivot":{"x":-11.155950546264649,"y":1.9464404582977296,"z":1.9173929691314698},"rotation":{"x":0.11991782486438751,"y":0.05568322911858559,"z":-0.006242999341338873,"w":0.9916808605194092},"size":0.6175204515457153,"orthographic":false}