{"cameraMode":{"drawMode":0,"name":"Shaded","section":"Shading Mode"},"sceneLighting":true,"audioPlay":false,"sceneViewState":{"showFog":true,"showMaterialUpdate":false,"showSkybox":false,"showFlares":true,"showImageEffects":true,"showParticleSystems":true},"in2DMode":false,"pivot":{"x":-1.520936131477356,"y":9.00261116027832,"z":-18.260026931762697},"rotation":{"x":-0.1448846459388733,"y":-0.6726085543632507,"z":0.13583481311798097,"w":-0.7136638760566711},"size":7.381556510925293,"orthographic":false}