{"cameraMode":{"drawMode":0,"name":"Shaded","section":"Shading Mode"},"sceneLighting":false,"audioPlay":false,"sceneViewState":{"showFog":true,"showMaterialUpdate":false,"showSkybox":false,"showFlares":true,"showImageEffects":true,"showParticleSystems":true},"in2DMode":false,"pivot":{"x":-4.45219087600708,"y":0.11489427089691162,"z":1.388946294784546},"rotation":{"x":0.3196336627006531,"y":-0.32058897614479067,"z":0.11603203415870667,"w":0.8845478892326355},"size":2.3335108757019045,"orthographic":false}