{"cameraMode":{"drawMode":0,"name":"Shaded","section":"Shading Mode"},"sceneLighting":false,"audioPlay":false,"sceneViewState":{"showFog":true,"showMaterialUpdate":false,"showSkybox":false,"showFlares":true,"showImageEffects":true,"showParticleSystems":true},"in2DMode":false,"pivot":{"x":-5.217011451721191,"y":6.2259602546691898,"z":-2.2872939109802248},"rotation":{"x":0.17414654791355134,"y":-0.09189106523990631,"z":0.017533117905259134,"w":0.9809376001358032},"size":5.434348106384277,"orthographic":false}