{"cameraMode":{"drawMode":0,"name":"Shaded","section":"Shading Mode"},"sceneLighting":false,"audioPlay":false,"sceneViewState":{"showFog":true,"showMaterialUpdate":false,"showSkybox":false,"showFlares":true,"showImageEffects":true,"showParticleSystems":true},"in2DMode":false,"pivot":{"x":9.545121192932129,"y":6.1906538009643559,"z":-16.319292068481447},"rotation":{"x":-0.19407404959201814,"y":0.17157283425331117,"z":-0.03458179906010628,"w":-0.9658517241477966},"size":8.61914348602295,"orthographic":false}