{"cameraMode":{"drawMode":0,"name":"Shaded","section":"Shading Mode"},"sceneLighting":false,"audioPlay":false,"sceneViewState":{"showFog":true,"showMaterialUpdate":false,"showSkybox":false,"showFlares":true,"showImageEffects":true,"showParticleSystems":true},"in2DMode":false,"pivot":{"x":-2.580261468887329,"y":4.869999885559082,"z":-3.509999990463257},"rotation":{"x":0.3074119985103607,"y":0.3785630166530609,"z":-0.1349487453699112,"w":0.8627530336380005},"size":13.105671882629395,"orthographic":false}