{"cameraMode":{"drawMode":0,"name":"Shaded","section":"Shading Mode"},"sceneLighting":false,"audioPlay":false,"sceneViewState":{"showFog":true,"showMaterialUpdate":false,"showSkybox":false,"showFlares":true,"showImageEffects":true,"showParticleSystems":true},"in2DMode":false,"pivot":{"x":214.4781036376953,"y":-47.552879333496097,"z":0.6116790771484375},"rotation":{"x":0.09584535658359528,"y":0.014930588193237782,"z":-0.001449003117159009,"w":0.995322585105896},"size":886.0948486328125,"orthographic":false}