{"cameraMode":{"drawMode":0,"name":"Shaded","section":"Shading Mode"},"sceneLighting":false,"audioPlay":false,"sceneViewState":{"showFog":true,"showMaterialUpdate":true,"showSkybox":false,"showFlares":true,"showImageEffects":true,"showParticleSystems":true},"in2DMode":false,"pivot":{"x":47.45001220703125,"y":758.5521240234375,"z":0.0},"rotation":{"x":-0.022492770105600358,"y":0.021899545565247537,"z":-0.0004950033617205918,"w":-0.9995101094245911},"size":156.6404266357422,"orthographic":false}