{"cameraMode":{"drawMode":0,"name":"Shaded","section":"Shading Mode"},"sceneLighting":true,"audioPlay":false,"sceneViewState":{"showFog":true,"showMaterialUpdate":true,"showSkybox":false,"showFlares":true,"showImageEffects":true,"showParticleSystems":true},"in2DMode":false,"pivot":{"x":0.9821925163269043,"y":3.0736899375915529,"z":0.7103089690208435},"rotation":{"x":-0.3139911890029907,"y":-0.12906190752983094,"z":-0.04312695190310478,"w":0.9396243691444397},"size":6.531103134155273,"orthographic":false}