{"cameraMode":{"drawMode":0,"name":"Shaded","section":"Shading Mode"},"sceneLighting":false,"audioPlay":false,"sceneViewState":{"showFog":true,"showMaterialUpdate":true,"showSkybox":false,"showFlares":true,"showImageEffects":true,"showParticleSystems":true},"in2DMode":false,"pivot":{"x":30.899993896484376,"y":687.0747680664063,"z":0.0},"rotation":{"x":-0.026573095470666887,"y":0.17659436166286469,"z":-0.004763352684676647,"w":-0.983924925327301},"size":461.3246765136719,"orthographic":false}