{"cameraMode":{"drawMode":0,"name":"Shaded","section":"Shading Mode"},"sceneLighting":false,"audioPlay":false,"sceneViewState":{"showFog":true,"showMaterialUpdate":true,"showSkybox":false,"showFlares":true,"showImageEffects":true,"showParticleSystems":true},"in2DMode":false,"pivot":{"x":5.2221360206604,"y":7.151933193206787,"z":-18.352680206298829},"rotation":{"x":0.14335273206233979,"y":-0.701292097568512,"z":0.14727723598480225,"w":0.6826073527336121},"size":9.939428329467774,"orthographic":false}