{"cameraMode":{"drawMode":0,"name":"Shaded","section":"Shading Mode"},"sceneLighting":false,"audioPlay":false,"sceneViewState":{"showFog":true,"showMaterialUpdate":true,"showSkybox":false,"showFlares":true,"showImageEffects":true,"showParticleSystems":true},"in2DMode":false,"pivot":{"x":498.45465087890627,"y":84.0444564819336,"z":-70.75474548339844},"rotation":{"x":0.24545907974243165,"y":0.2229611873626709,"z":-0.058122411370277408,"w":0.9416323304176331},"size":1.0059242248535157,"orthographic":false}