{"cameraMode":{"drawMode":0,"name":"Shaded","section":"Shading Mode"},"sceneLighting":false,"audioPlay":false,"sceneViewState":{"showFog":true,"showMaterialUpdate":true,"showSkybox":false,"showFlares":true,"showImageEffects":true,"showParticleSystems":true},"in2DMode":false,"pivot":{"x":-5.29766321182251,"y":4.87307596206665,"z":-4.165671348571777},"rotation":{"x":-0.033208638429641727,"y":0.959823727607727,"z":-0.24712641537189485,"w":-0.1289197951555252},"size":5.110136985778809,"orthographic":false}