{"cameraMode":{"drawMode":0,"name":"Shaded","section":"Shading Mode"},"sceneLighting":false,"audioPlay":false,"sceneViewState":{"showFog":true,"showMaterialUpdate":true,"showSkybox":false,"showFlares":true,"showImageEffects":true,"showParticleSystems":true},"in2DMode":false,"pivot":{"x":-551.8768920898438,"y":-41.880008697509769,"z":-650.3892822265625},"rotation":{"x":0.33702903985977175,"y":0.186105415225029,"z":-0.06814055144786835,"w":0.920432448387146},"size":36.01374816894531,"orthographic":false}