{"cameraMode":{"drawMode":0,"name":"Shaded","section":"Shading Mode"},"sceneLighting":false,"audioPlay":false,"sceneViewState":{"showFog":true,"showMaterialUpdate":true,"showSkybox":false,"showFlares":true,"showImageEffects":true,"showParticleSystems":true},"in2DMode":false,"pivot":{"x":547.800048828125,"y":144.189453125,"z":-492.8536071777344},"rotation":{"x":0.15152744948863984,"y":-0.6114475131034851,"z":0.12077011168003082,"w":0.7672014236450195},"size":18.93559455871582,"orthographic":false}