{"cameraMode":{"drawMode":0,"name":"Shaded","section":"Shading Mode"},"sceneLighting":false,"audioPlay":false,"sceneViewState":{"showFog":true,"showMaterialUpdate":true,"showSkybox":false,"showFlares":true,"showImageEffects":true,"showParticleSystems":true},"in2DMode":false,"pivot":{"x":1.9680323600769044,"y":763.8426513671875,"z":27.92339515686035},"rotation":{"x":-0.06574364006519318,"y":-0.0786762684583664,"z":0.0052718003280460838,"w":-0.9947623014450073},"size":166.4402313232422,"orthographic":false}