{"cameraMode":{"drawMode":0,"name":"Shaded","section":"Shading Mode"},"sceneLighting":false,"audioPlay":false,"sceneViewState":{"showFog":true,"showMaterialUpdate":true,"showSkybox":false,"showFlares":true,"showImageEffects":true,"showParticleSystems":true},"in2DMode":false,"pivot":{"x":0.08350110054016113,"y":-1.5907282829284669,"z":0.21277618408203126},"rotation":{"x":0.41375043988227847,"y":-0.35019269585609438,"z":0.17634791135787965,"w":0.8216351270675659},"size":6.823877811431885,"orthographic":false}