{"cameraMode":{"drawMode":0,"name":"Shaded","section":"Shading Mode"},"sceneLighting":false,"audioPlay":false,"sceneViewState":{"showFog":true,"showMaterialUpdate":true,"showSkybox":false,"showFlares":true,"showImageEffects":true,"showParticleSystems":true},"in2DMode":false,"pivot":{"x":498.5523986816406,"y":83.49468994140625,"z":-71.46217346191406},"rotation":{"x":-0.20658206939697267,"y":0.6887283325195313,"z":-0.21531419456005097,"w":-0.6607925891876221},"size":0.06666186451911926,"orthographic":false}