{"cameraMode":{"drawMode":0,"name":"Shaded","section":"Shading Mode"},"sceneLighting":false,"audioPlay":false,"sceneViewState":{"showFog":true,"showMaterialUpdate":true,"showSkybox":false,"showFlares":true,"showImageEffects":true,"showParticleSystems":true},"in2DMode":false,"pivot":{"x":29.631010055541993,"y":689.3167724609375,"z":-3058.716552734375},"rotation":{"x":-0.04730324074625969,"y":-0.2931647300720215,"z":0.014517786912620068,"w":-0.9547946453094482},"size":2.8578836917877199,"orthographic":false}