{"cameraMode":{"drawMode":0,"name":"Shaded","section":"Shading Mode"},"sceneLighting":false,"audioPlay":false,"sceneViewState":{"showFog":true,"showMaterialUpdate":true,"showSkybox":false,"showFlares":true,"showImageEffects":true,"showParticleSystems":true},"in2DMode":false,"pivot":{"x":0.47138717770576479,"y":-2.7032744884490969,"z":-4.078472137451172},"rotation":{"x":-0.005320780444890261,"y":-0.97283935546875,"z":0.23035046458244325,"w":-0.02247919701039791},"size":9.346609115600586,"orthographic":false}