{"cameraMode":{"drawMode":0,"name":"Shaded","section":"Shading Mode"},"sceneLighting":false,"audioPlay":false,"sceneViewState":{"showFog":true,"showMaterialUpdate":true,"showSkybox":false,"showFlares":true,"showImageEffects":true,"showParticleSystems":true},"in2DMode":false,"pivot":{"x":307.4000244140625,"y":249.10000610351563,"z":0.0},"rotation":{"x":-0.1760663241147995,"y":0.011228003539144993,"z":-0.002010624622926116,"w":-0.9843151569366455},"size":56.0147705078125,"orthographic":false}