{"cameraMode":{"drawMode":0,"name":"Shaded","section":"Shading Mode"},"sceneLighting":false,"audioPlay":false,"sceneViewState":{"showFog":true,"showMaterialUpdate":true,"showSkybox":false,"showFlares":true,"showImageEffects":true,"showParticleSystems":true},"in2DMode":false,"pivot":{"x":541.537841796875,"y":519.0858764648438,"z":-1.046112060546875},"rotation":{"x":-0.03295215219259262,"y":0.05035815015435219,"z":-0.001664599752984941,"w":-0.9981893301010132},"size":312.00921630859377,"orthographic":false}