{"cameraMode":{"drawMode":0,"name":"Shaded","section":"Shading Mode"},"sceneLighting":false,"audioPlay":false,"sceneViewState":{"showFog":true,"showMaterialUpdate":true,"showSkybox":false,"showFlares":true,"showImageEffects":true,"showParticleSystems":true},"in2DMode":false,"pivot":{"x":-2.580261468887329,"y":4.869999885559082,"z":-3.509999990463257},"rotation":{"x":0.18776439130306245,"y":0.21176224946975709,"z":-0.04149526730179787,"w":0.958217442035675},"size":9.267171859741211,"orthographic":false}