{"cameraMode":{"drawMode":0,"name":"Shaded","section":"Shading Mode"},"sceneLighting":false,"audioPlay":false,"sceneViewState":{"showFog":true,"showMaterialUpdate":true,"showSkybox":false,"showFlares":true,"showImageEffects":true,"showParticleSystems":true},"in2DMode":false,"pivot":{"x":28.274999618530275,"y":688.2009887695313,"z":-3056.781982421875},"rotation":{"x":0.201407328248024,"y":0.36598193645477297,"z":-0.08145833015441895,"w":0.9049238562583923},"size":2.846151828765869,"orthographic":false}