{"cameraMode":{"drawMode":0,"name":"Shaded","section":"Shading Mode"},"sceneLighting":false,"audioPlay":false,"sceneViewState":{"showFog":true,"showMaterialUpdate":true,"showSkybox":false,"showFlares":true,"showImageEffects":true,"showParticleSystems":true},"in2DMode":false,"pivot":{"x":2.9947242736816408,"y":-14.856979370117188,"z":-1.764373779296875},"rotation":{"x":-0.0404483862221241,"y":-0.04494700953364372,"z":-0.0018281133379787207,"w":0.9981871247291565},"size":266.3902893066406,"orthographic":false}