{"cameraMode":{"drawMode":0,"name":"Shaded","section":"Shading Mode"},"sceneLighting":false,"audioPlay":false,"sceneViewState":{"showFog":true,"showMaterialUpdate":true,"showSkybox":false,"showFlares":true,"showImageEffects":true,"showParticleSystems":true},"in2DMode":false,"pivot":{"x":17.074996948242189,"y":-13.025009155273438,"z":0.0},"rotation":{"x":0.014996308833360672,"y":0.02099786326289177,"z":-0.0003211960138287395,"w":0.9996851086616516},"size":558.4816284179688,"orthographic":false}