{"cameraMode":{"drawMode":0,"name":"Shaded","section":"Shading Mode"},"sceneLighting":true,"audioPlay":false,"sceneViewState":{"showFog":true,"showMaterialUpdate":true,"showSkybox":true,"showFlares":true,"showImageEffects":true,"showParticleSystems":true},"in2DMode":false,"pivot":{"x":452.786376953125,"y":371.55499267578127,"z":-62.99250030517578},"rotation":{"x":0.32960718870162966,"y":0.09074848145246506,"z":-0.03183435648679733,"w":0.9392426013946533},"size":1041.108154296875,"orthographic":false}