{"cameraMode":{"drawMode":0,"name":"Shaded","section":"Shading Mode"},"sceneLighting":false,"audioPlay":false,"sceneViewState":{"showFog":true,"showMaterialUpdate":true,"showSkybox":false,"showFlares":true,"showImageEffects":true,"showParticleSystems":true},"in2DMode":false,"pivot":{"x":-5.093622207641602,"y":0.8299999833106995,"z":1.2899999618530274},"rotation":{"x":0.10158104449510575,"y":0.06858760118484497,"z":-0.007020982448011637,"w":0.992439329624176},"size":2.3335108757019045,"orthographic":false}