{"cameraMode":{"drawMode":0,"name":"Shaded","section":"Shading Mode"},"sceneLighting":false,"audioPlay":false,"sceneViewState":{"showFog":true,"showMaterialUpdate":true,"showSkybox":false,"showFlares":true,"showImageEffects":true,"showParticleSystems":true},"in2DMode":false,"pivot":{"x":-9.197986602783204,"y":0.3750433921813965,"z":-1.1984519958496094},"rotation":{"x":0.22590985894203187,"y":0.19141705334186555,"z":-0.04532555863261223,"w":0.9540873765945435},"size":15.556224822998047,"orthographic":false}